Category,OrderQuantity,SalesAmount
Bikes,38039.0,3.364130157999894E7
Clothing,35564.0,979349.3599999831
Components,28177.0,6677278.220000008
Accessories,14356.0,322771.7600000001
